ID,2007NA1,2007NA2,2007NA3,2007NA4,2007NA5,2007NAK,2008NA1,2008NA2,2008NA3,2008NA4,2008NA5,2008NAK,2009NA1,2009NA2,2009NA3,2009NA4,2009NA5,2009NAK,2010NA1,2010NA2,2010NA3,2010NA4,2010NA5,2010NAK,High,Medium,Low,E07NA1,E07NA2,E07NA3,E07NA4,E07NA5,E07NAK,E08NA1,E08NA2,E08NA3,E08NA4,E08NA5,E08NAK,E09NA1,E09NA2,E09NA3,E09NA4,E09NA5,E09NAK,E10NA1,E10NA2,E10NA3,E10NA4,E10NA5,E10NAK
1,0,0,0,0,0,0,0,0,0,0,0,0,0,0,1,0,0,0,0,0,0,0,0,0,1,0,0,14.38,14.38,14.38,14.38,14.38,0.00,14.87,14.87,14.87,14.87,14.87,0.00,16.16,16.16,16.16,16.16,16.16,0.00,13.51,13.51,13.51,13.51,13.51,0.00
2,0,0,1,0,0,0,0,0,0,0,1,0,0,0,1,0,0,0,0,0,1,0,0,0,1,0,0,21.89,21.89,21.89,21.89,21.89,0.00,21.99,21.99,21.99,21.99,21.99,0.00,20.52,20.52,20.52,20.52,20.52,0.00,20.79,20.79,20.79,20.79,20.79,0.00
3,1,0,0,1,0,0,1,1,0,0,1,0,1,1,1,1,0,0,0,1,1,0,1,0,1,0,0,22.02,22.02,22.02,22.02,22.02,0.00,22.11,22.11,22.11,22.11,22.11,0.00,20.52,20.52,20.52,20.52,20.52,0.00,20.88,20.88,20.88,20.88,20.88,0.00
4,0,0,0,0,1,0,1,0,1,1,1,0,1,1,1,1,0,0,1,1,1,1,1,0,1,0,0,21.37,21.37,21.37,21.37,21.37,0.00,21.46,21.46,21.46,21.46,21.46,0.00,19.67,19.67,19.67,19.67,19.67,0.00,19.86,19.86,19.86,19.86,19.86,0.00
5,1,0,1,0,1,0,1,1,1,1,1,2,1,1,1,1,1,2,1,1,1,1,1,2,1,0,0,16.80,16.80,16.80,16.80,16.80,0.00,16.82,16.82,16.82,16.82,16.82,0.00,13.69,13.69,13.69,13.69,13.69,0.00,12.66,12.66,12.66,12.66,12.66,0.00
6,0,1,1,1,0,0,1,1,1,1,1,0,1,1,1,0,1,0,1,1,1,1,1,2,0,1,0,13.52,13.52,13.52,13.52,13.52,0.00,15.03,15.03,15.03,15.03,15.03,0.00,12.84,12.84,12.84,12.84,12.84,0.00,11.91,11.91,11.91,11.91,11.91,0.00
7,0,0,0,1,1,0,1,0,1,1,1,2,0,1,1,0,1,2,1,1,1,1,1,2,1,0,0,11.82,11.82,11.82,11.82,11.82,0.00,14.10,14.10,14.10,14.10,14.10,0.00,12.42,12.42,12.42,12.42,12.42,0.00,11.53,11.53,11.53,11.53,11.53,0.00
8,0,0,0,0,0,0,0,1,0,0,0,0,0,0,0,0,0,0,0,1,1,0,0,0,1,0,0,11.82,11.82,11.82,11.82,11.82,0.00,14.10,14.10,14.10,14.10,14.10,0.00,12.42,12.42,12.42,12.42,12.42,0.00,11.53,11.53,11.53,11.53,11.53,0.00
9,0,0,0,0,0,0,0,0,0,0,1,0,0,0,0,0,0,2,0,0,0,0,0,2,1,0,0,10.27,10.27,10.27,10.27,10.27,0.00,10.59,10.59,10.59,10.59,10.59,0.00,10.97,10.97,10.97,10.97,10.97,0.00,8.72,8.72,8.72,8.72,8.72,0.00
10,0,0,1,1,1,2,1,1,1,1,1,0,1,1,1,1,1,2,1,1,1,1,1,2,1,0,0,16.85,16.85,16.85,16.85,16.85,0.00,18.43,18.43,18.43,18.43,18.43,0.00,18.37,18.37,18.37,18.37,18.37,0.00,15.96,15.96,15.96,15.96,15.96,0.00
11,0,0,1,1,1,0,1,1,1,1,1,0,1,1,1,1,1,0,1,1,1,1,1,0,1,0,0,20.96,20.96,20.96,20.96,20.96,0.00,21.12,21.12,21.12,21.12,21.12,0.00,20.56,20.56,20.56,20.56,20.56,0.00,20.06,20.06,20.06,20.06,20.06,0.00
12,1,0,1,1,0,0,1,1,1,1,1,2,1,1,1,1,1,2,1,1,1,1,1,2,1,0,0,20.97,20.97,20.97,20.97,20.97,0.00,21.05,21.05,21.05,21.05,21.05,0.00,19.15,19.15,19.15,19.15,19.15,0.00,19.23,19.23,19.23,19.23,19.23,0.00
13,0,0,1,1,1,0,1,1,1,1,1,0,1,1,1,0,1,2,1,1,1,1,1,2,1,0,0,18.63,18.63,18.63,18.63,18.63,0.00,18.71,18.71,18.71,18.71,18.71,0.00,16.13,16.13,16.13,16.13,16.13,0.00,15.57,15.57,15.57,15.57,15.57,0.00
14,0,0,1,1,1,0,1,1,1,0,1,0,1,1,1,1,1,0,1,1,1,1,1,0,1,0,0,16.63,16.63,16.63,16.63,16.63,0.00,17.07,17.07,17.07,17.07,17.07,0.00,14.37,14.37,14.37,14.37,14.37,0.00,13.30,13.30,13.30,13.30,13.30,0.00
15,0,1,1,1,1,2,1,1,1,1,1,2,1,1,1,1,1,2,1,1,1,1,1,2,1,0,0,11.82,11.82,11.82,11.82,11.82,0.00,14.10,14.10,14.10,14.10,14.10,0.00,12.42,12.42,12.42,12.42,12.42,0.00,11.53,11.53,11.53,11.53,11.53,0.00
16,1,1,0,0,1,2,0,1,1,1,1,2,1,1,1,0,1,2,1,1,1,1,1,2,0,1,0,11.82,11.82,11.82,11.82,11.82,0.00,14.10,14.10,14.10,14.10,14.10,0.00,12.42,12.42,12.42,12.42,12.42,0.00,11.53,11.53,11.53,11.53,11.53,0.00
17,0,0,0,0,0,0,1,1,1,1,1,0,0,1,0,0,1,0,0,0,1,0,0,0,0,1,0,11.82,11.82,11.82,11.82,11.82,0.00,14.10,14.10,14.10,14.10,14.10,0.00,12.42,12.42,12.42,12.42,12.42,0.00,11.53,11.53,11.53,11.53,11.53,0.00
19,0,0,0,0,0,0,1,1,0,1,1,0,1,0,1,1,0,0,1,0,1,1,0,0,1,0,0,10.27,10.27,10.27,10.27,10.27,0.00,10.59,10.59,10.59,10.59,10.59,0.00,10.97,10.97,10.97,10.97,10.97,0.00,8.72,8.72,8.72,8.72,8.72,0.00
20,1,1,1,1,1,2,1,1,1,1,1,2,1,1,1,1,1,2,1,1,1,1,1,2,1,0,0,13.41,13.41,13.41,13.41,13.41,0.00,15.03,15.03,15.03,15.03,15.03,0.00,13.85,13.85,13.85,13.85,13.85,0.00,11.80,11.80,11.80,11.80,11.80,0.00
21,1,1,0,1,1,2,1,1,1,1,1,2,1,1,1,1,1,2,1,1,1,1,1,2,1,0,0,19.15,19.15,19.15,19.15,19.15,0.00,21.55,21.55,21.55,21.55,21.55,0.00,20.24,20.24,20.24,20.24,20.24,0.00,19.75,19.75,19.75,19.75,19.75,0.00
22,1,1,1,1,1,0,1,1,1,1,1,0,1,1,1,1,1,2,1,1,1,1,1,2,1,0,0,19.09,19.09,19.09,19.09,19.09,0.00,19.23,19.23,19.23,19.23,19.23,0.00,18.23,18.23,18.23,18.23,18.23,0.00,17.21,17.21,17.21,17.21,17.21,0.00
23,1,1,1,1,1,2,1,1,1,1,1,2,1,1,1,1,1,2,0,1,1,1,1,0,0,1,0,17.33,17.33,17.33,17.33,17.33,0.00,17.42,17.42,17.42,17.42,17.42,0.00,15.62,15.62,15.62,15.62,15.62,0.00,14.25,14.25,14.25,14.25,14.25,0.00
24,1,1,1,1,1,2,1,1,1,1,1,2,1,1,1,1,1,2,1,1,1,1,1,2,0,1,0,18.93,18.93,18.93,18.93,18.93,0.00,19.50,19.50,19.50,19.50,19.50,0.00,17.56,17.56,17.56,17.56,17.56,0.00,16.01,16.01,16.01,16.01,16.01,0.00
25,1,1,1,1,1,0,1,1,1,1,1,0,1,1,1,1,1,0,1,1,1,1,1,0,0,1,0,17.61,17.61,17.61,17.61,17.61,0.00,18.70,18.70,18.70,18.70,18.70,0.00,16.95,16.95,16.95,16.95,16.95,0.00,15.51,15.51,15.51,15.51,15.51,0.00
26,1,0,0,0,1,2,1,1,1,1,1,0,1,1,1,1,0,0,1,1,1,1,0,0,0,1,0,14.73,14.73,14.73,14.73,14.73,0.00,17.87,17.87,17.87,17.87,17.87,0.00,15.32,15.32,15.32,15.32,15.32,0.00,15.08,15.08,15.08,15.08,15.08,0.00
27,0,0,0,0,1,0,1,1,1,1,1,0,1,1,1,0,1,2,1,1,1,1,1,2,0,1,0,14.21,14.21,14.21,14.21,14.21,0.00,17.20,17.20,17.20,17.20,17.20,0.00,14.80,14.80,14.80,14.80,14.80,0.00,14.45,14.45,14.45,14.45,14.45,0.00
28,0,0,0,0,0,2,1,1,1,0,1,2,1,1,1,1,0,2,1,1,1,0,1,2,0,1,0,11.82,11.82,11.82,11.82,11.82,0.00,14.10,14.10,14.10,14.10,14.10,0.00,12.42,12.42,12.42,12.42,12.42,0.00,11.53,11.53,11.53,11.53,11.53,0.00
31,0,0,0,0,0,0,0,0,0,0,0,0,0,0,0,0,0,0,0,0,0,0,1,0,1,0,0,10.27,10.27,10.27,10.27,10.27,0.00,10.59,10.59,10.59,10.59,10.59,0.00,10.97,10.97,10.97,10.97,10.97,0.00,8.72,8.72,8.72,8.72,8.72,0.00
32,1,1,1,0,1,0,1,1,1,1,1,0,1,1,1,1,1,0,1,1,1,1,1,0,1,0,0,11.21,11.21,11.21,11.21,11.21,0.00,11.22,11.22,11.22,11.22,11.22,0.00,11.48,11.48,11.48,11.48,11.48,0.00,9.12,9.12,9.12,9.12,9.12,0.00
33,0,1,1,1,1,0,1,1,1,1,1,2,1,1,1,1,1,2,1,1,1,1,1,2,1,0,0,12.82,12.82,12.82,12.82,12.82,0.00,14.02,14.02,14.02,14.02,14.02,0.00,13.35,13.35,13.35,13.35,13.35,0.00,11.01,11.01,11.01,11.01,11.01,0.00
34,0,0,1,0,1,0,1,1,1,1,1,0,1,1,1,1,1,0,1,1,1,1,1,0,1,0,0,17.90,17.90,17.90,17.90,17.90,0.00,20.62,20.62,20.62,20.62,20.62,0.00,18.17,18.17,18.17,18.17,18.17,0.00,16.49,16.49,16.49,16.49,16.49,0.00
35,0,1,0,1,0,0,1,1,1,1,1,2,1,1,1,1,1,2,1,1,1,1,1,0,0,1,0,15.33,15.33,15.33,15.33,15.33,0.00,16.39,16.39,16.39,16.39,16.39,0.00,15.59,15.59,15.59,15.59,15.59,0.00,15.20,15.20,15.20,15.20,15.20,0.00
36,1,1,1,1,1,2,1,1,1,1,1,2,1,1,1,1,1,2,1,1,1,1,1,2,0,1,0,13.43,13.43,13.43,13.43,13.43,0.00,13.59,13.59,13.59,13.59,13.59,0.00,13.38,13.38,13.38,13.38,13.38,0.00,10.91,10.91,10.91,10.91,10.91,0.00
37,0,1,1,1,1,0,1,1,1,1,1,0,1,0,1,1,1,0,1,1,1,1,1,0,0,1,0,17.28,17.28,17.28,17.28,17.28,0.00,17.39,17.39,17.39,17.39,17.39,0.00,15.85,15.85,15.85,15.85,15.85,0.00,13.71,13.71,13.71,13.71,13.71,0.00
38,0,0,1,1,1,0,1,1,1,1,1,2,1,1,1,1,1,2,1,1,1,1,1,2,0,1,0,19.45,19.45,19.45,19.45,19.45,0.00,20.19,20.19,20.19,20.19,20.19,0.00,18.40,18.40,18.40,18.40,18.40,0.00,16.73,16.73,16.73,16.73,16.73,0.00
39,0,1,1,1,1,2,1,1,1,1,1,2,1,1,1,1,1,2,1,1,1,1,1,2,0,1,0,20.07,20.07,20.07,20.07,20.07,0.00,21.34,21.34,21.34,21.34,21.34,0.00,19.14,19.14,19.14,19.14,19.14,0.00,17.55,17.55,17.55,17.55,17.55,0.00
40,1,1,1,1,0,2,1,1,1,1,1,2,1,1,1,1,1,2,1,1,1,1,1,2,0,1,0,21.40,21.40,21.40,21.40,21.40,0.00,26.45,26.45,26.45,26.45,26.45,0.00,21.94,21.94,21.94,21.94,21.94,0.00,23.13,23.13,23.13,23.13,23.13,0.00
41,1,1,1,1,1,2,1,1,1,1,1,2,1,1,1,1,1,2,1,1,1,1,1,2,0,1,0,17.61,17.61,17.61,17.61,17.61,0.00,21.55,21.55,21.55,21.55,21.55,0.00,17.86,17.86,17.86,17.86,17.86,0.00,18.02,18.02,18.02,18.02,18.02,0.00
42,1,1,1,0,1,0,0,1,0,1,0,0,1,1,1,0,0,0,0,1,1,1,1,0,0,1,0,14.13,14.13,14.13,14.13,14.13,0.00,16.99,16.99,16.99,16.99,16.99,0.00,14.18,14.18,14.18,14.18,14.18,0.00,13.42,13.42,13.42,13.42,13.42,0.00
49,0,1,1,1,1,0,1,1,1,1,1,0,1,0,0,1,1,2,1,1,1,1,1,2,1,0,0,20.48,20.48,20.48,20.48,20.48,0.00,17.59,17.59,17.59,17.59,17.59,0.00,16.46,16.46,16.46,16.46,16.46,0.00,13.06,13.06,13.06,13.06,13.06,0.00
50,1,1,1,1,1,2,1,1,1,1,1,2,1,1,1,1,1,2,1,1,1,1,1,2,1,0,0,19.70,19.70,19.70,19.70,19.70,0.00,21.98,21.98,21.98,21.98,21.98,0.00,19.03,19.03,19.03,19.03,19.03,0.00,16.37,16.37,16.37,16.37,16.37,0.00
51,0,0,0,0,0,2,0,0,0,0,1,0,0,0,0,0,0,0,0,0,0,0,0,0,0,1,0,4.31,4.31,4.31,4.31,4.31,0.00,5.12,5.12,5.12,5.12,5.12,0.00,4.36,4.36,4.36,4.36,4.36,0.00,3.74,3.74,3.74,3.74,3.74,0.00
52,0,0,0,0,0,0,0,0,0,0,0,0,0,0,0,0,0,2,0,0,0,0,0,2,0,0,1,0.02,0.02,0.02,0.02,0.02,0.00,0.02,0.02,0.02,0.02,0.02,0.00,0.02,0.02,0.02,0.02,0.02,0.00,0.02,0.02,0.02,0.02,0.02,0.00
53,0,0,0,1,0,2,0,0,0,0,0,0,0,0,0,0,0,2,0,0,0,0,0,2,0,0,1,0.03,0.03,0.03,0.03,0.03,0.00,0.04,0.04,0.04,0.04,0.04,0.00,0.03,0.03,0.03,0.03,0.03,0.00,0.03,0.03,0.03,0.03,0.03,0.00
54,1,1,1,0,0,2,1,1,1,1,1,2,1,1,1,1,1,0,1,1,1,1,1,0,0,1,0,16.96,16.96,16.96,16.96,16.96,0.00,16.89,16.89,16.89,16.89,16.89,0.00,14.34,14.34,14.34,14.34,14.34,0.00,12.97,12.97,12.97,12.97,12.97,0.00
55,1,1,1,1,1,2,1,1,1,1,1,2,1,1,1,1,1,2,1,1,1,1,1,2,0,1,0,21.56,21.56,21.56,21.56,21.56,0.00,23.25,23.25,23.25,23.25,23.25,0.00,20.34,20.34,20.34,20.34,20.34,0.00,18.34,18.34,18.34,18.34,18.34,0.00
56,1,1,1,1,0,0,1,1,1,1,1,0,1,1,1,1,1,2,1,1,1,1,1,2,0,1,0,21.63,21.63,21.63,21.63,21.63,0.00,23.72,23.72,23.72,23.72,23.72,0.00,20.85,20.85,20.85,20.85,20.85,0.00,18.78,18.78,18.78,18.78,18.78,0.00
57,0,1,1,1,1,2,1,1,1,1,1,0,1,0,1,1,1,0,1,1,1,1,1,2,0,1,0,15.97,15.97,15.97,15.97,15.97,0.00,17.57,17.57,17.57,17.57,17.57,0.00,16.08,16.08,16.08,16.08,16.08,0.00,14.84,14.84,14.84,14.84,14.84,0.00
58,0,0,1,0,0,0,1,1,0,1,0,0,1,1,1,1,1,0,1,1,1,1,1,0,1,0,0,11.09,11.09,11.09,11.09,11.09,0.00,11.82,11.82,11.82,11.82,11.82,0.00,11.23,11.23,11.23,11.23,11.23,0.00,9.53,9.53,9.53,9.53,9.53,0.00
59,0,0,0,0,0,0,0,1,1,0,0,0,0,0,0,1,0,0,0,1,0,0,0,0,1,0,0,11.09,11.09,11.09,11.09,11.09,0.00,11.97,11.97,11.97,11.97,11.97,0.00,11.18,11.18,11.18,11.18,11.18,0.00,9.48,9.48,9.48,9.48,9.48,0.00
66,1,0,1,0,0,2,1,1,1,1,1,2,1,1,1,0,0,2,1,1,1,0,0,2,0,1,0,23.43,23.43,23.43,23.43,23.43,0.00,24.11,24.11,24.11,24.11,24.11,0.00,23.54,23.54,23.54,23.54,23.54,0.00,22.95,22.95,22.95,22.95,22.95,0.00
67,0,0,1,0,1,0,0,0,0,1,0,0,1,1,0,1,0,2,1,1,1,0,0,2,0,1,0,11.24,11.24,11.24,11.24,11.24,0.00,13.08,13.08,13.08,13.08,13.08,0.00,11.66,11.66,11.66,11.66,11.66,0.00,10.60,10.60,10.60,10.60,10.60,0.00
71,0,1,1,0,0,0,1,1,1,1,0,0,1,0,1,1,1,0,1,1,1,1,1,0,0,1,0,12.83,12.83,12.83,12.83,12.83,0.00,12.84,12.84,12.84,12.84,12.84,0.00,10.94,10.94,10.94,10.94,10.94,0.00,9.91,9.91,9.91,9.91,9.91,0.00
72,0,0,0,0,1,0,1,1,1,1,1,0,1,1,1,0,1,0,1,1,1,1,1,0,0,0,1,19.65,19.65,19.65,19.65,19.65,0.00,24.41,24.41,24.41,24.41,24.41,0.00,24.68,24.68,24.68,24.68,24.68,0.00,23.28,23.28,23.28,23.28,23.28,0.00
73,0,1,1,1,0,0,1,1,1,1,0,2,1,1,1,1,1,0,1,1,1,1,1,0,0,1,0,14.58,14.58,14.58,14.58,14.58,0.00,17.62,17.62,17.62,17.62,17.62,0.00,18.56,18.56,18.56,18.56,18.56,0.00,17.04,17.04,17.04,17.04,17.04,0.00
74,1,1,0,0,1,0,1,1,1,1,1,0,1,1,1,1,1,2,1,1,1,1,1,2,1,0,0,10.36,10.36,10.36,10.36,10.36,0.00,10.27,10.27,10.27,10.27,10.27,0.00,10.80,10.80,10.80,10.80,10.80,0.00,9.21,9.21,9.21,9.21,9.21,0.00
75,0,0,1,1,1,0,1,1,1,0,1,2,0,1,1,1,0,2,1,1,1,1,1,2,0,1,0,5.55,5.55,5.55,5.55,5.55,0.00,5.51,5.51,5.51,5.51,5.51,0.00,5.79,5.79,5.79,5.79,5.79,0.00,4.94,4.94,4.94,4.94,4.94,0.00
76,0,0,0,0,0,2,0,0,0,0,0,0,0,0,1,0,0,0,0,0,0,0,0,0,0,1,0,3.23,3.23,3.23,3.23,3.23,0.00,3.21,3.21,3.21,3.21,3.21,0.00,3.37,3.37,3.37,3.37,3.37,0.00,2.88,2.88,2.88,2.88,2.88,0.00
85,0,0,0,0,0,0,0,1,1,0,1,0,1,1,1,0,1,0,1,1,1,1,1,0,1,0,0,19.59,19.59,19.59,19.59,19.59,0.00,25.16,25.16,25.16,25.16,25.16,0.00,22.89,22.89,22.89,22.89,22.89,0.00,18.92,18.92,18.92,18.92,18.92,0.00
86,0,0,0,0,1,0,0,1,0,0,0,0,1,0,1,1,1,0,1,1,0,0,0,0,1,0,0,9.24,9.24,9.24,9.24,9.24,0.00,11.25,11.25,11.25,11.25,11.25,0.00,10.88,10.88,10.88,10.88,10.88,0.00,8.61,8.61,8.61,8.61,8.61,0.00
87,0,0,0,0,0,0,1,1,1,0,1,0,0,0,1,0,1,2,1,0,1,0,0,2,1,0,0,6.12,6.12,6.12,6.12,6.12,0.00,6.52,6.52,6.52,6.52,6.52,0.00,6.29,6.29,6.29,6.29,6.29,0.00,5.90,5.90,5.90,5.90,5.90,0.00
88,1,1,1,1,0,2,1,1,1,1,1,2,1,1,1,1,1,0,0,1,1,0,1,2,1,0,0,9.59,9.59,9.59,9.59,9.59,0.00,10.05,10.05,10.05,10.05,10.05,0.00,9.78,9.78,9.78,9.78,9.78,0.00,9.15,9.15,9.15,9.15,9.15,0.00
89,0,0,1,1,1,0,1,1,1,1,1,2,1,1,1,1,1,2,1,1,1,1,1,2,0,1,0,9.17,9.17,9.17,9.17,9.17,0.00,9.61,9.61,9.61,9.61,9.61,0.00,9.36,9.36,9.36,9.36,9.36,0.00,8.76,8.76,8.76,8.76,8.76,0.00
90,0,0,0,1,1,0,1,1,1,1,0,0,1,1,1,1,1,2,1,1,1,0,1,2,0,1,0,11.96,11.96,11.96,11.96,11.96,0.00,13.20,13.20,13.20,13.20,13.20,0.00,12.96,12.96,12.96,12.96,12.96,0.00,12.31,12.31,12.31,12.31,12.31,0.00
91,0,0,1,1,0,0,1,1,0,1,1,0,1,1,1,0,1,0,1,1,1,1,1,0,1,0,0,9.77,9.77,9.77,9.77,9.77,0.00,11.40,11.40,11.40,11.40,11.40,0.00,11.31,11.31,11.31,11.31,11.31,0.00,10.09,10.09,10.09,10.09,10.09,0.00
92,1,1,1,0,0,2,1,1,1,0,1,2,1,1,1,1,1,2,1,1,1,1,1,2,1,0,0,5.35,5.35,5.35,5.35,5.35,0.00,6.48,6.48,6.48,6.48,6.48,0.00,6.47,6.47,6.47,6.47,6.47,0.00,5.21,5.21,5.21,5.21,5.21,0.00
93,1,0,0,0,0,2,0,1,0,0,0,0,0,0,0,0,0,2,0,0,0,0,0,0,1,0,0,0.26,0.26,0.26,0.26,0.26,0.00,0.26,0.26,0.26,0.26,0.26,0.00,0.27,0.27,0.27,0.27,0.27,0.00,0.23,0.23,0.23,0.23,0.23,0.00
106,0,0,0,1,1,0,0,1,1,1,1,0,1,1,1,1,1,0,1,1,1,1,0,2,0,1,0,20.18,20.18,20.18,20.18,20.18,0.00,28.41,28.41,28.41,28.41,28.41,0.00,25.03,25.03,25.03,25.03,25.03,0.00,21.15,21.15,21.15,21.15,21.15,0.00
107,1,0,1,1,1,0,1,1,1,1,1,2,1,1,1,1,1,2,1,1,1,1,1,2,0,1,0,23.30,23.30,23.30,23.30,23.30,0.00,27.93,27.93,27.93,27.93,27.93,0.00,25.62,25.62,25.62,25.62,25.62,0.00,23.57,23.57,23.57,23.57,23.57,0.00
108,1,0,0,0,0,0,0,1,1,1,1,0,1,1,1,1,1,2,1,1,1,0,1,2,1,0,0,18.40,18.40,18.40,18.40,18.40,0.00,21.42,21.42,21.42,21.42,21.42,0.00,19.58,19.58,19.58,19.58,19.58,0.00,18.42,18.42,18.42,18.42,18.42,0.00
109,1,1,1,0,0,0,1,1,1,1,1,0,1,1,1,1,1,2,1,1,1,1,1,0,1,0,0,8.71,8.71,8.71,8.71,8.71,0.00,8.86,8.86,8.86,8.86,8.86,0.00,8.30,8.30,8.30,8.30,8.30,0.00,8.03,8.03,8.03,8.03,8.03,0.00
110,0,0,1,0,0,0,0,0,1,0,1,2,1,0,1,1,1,0,1,1,1,0,0,0,1,0,0,7.91,7.91,7.91,7.91,7.91,0.00,8.78,8.78,8.78,8.78,8.78,0.00,8.49,8.49,8.49,8.49,8.49,0.00,7.52,7.52,7.52,7.52,7.52,0.00
111,0,0,0,0,1,0,1,1,1,1,1,0,1,1,1,1,1,2,1,1,1,1,1,2,1,0,0,5.52,5.52,5.52,5.52,5.52,0.00,7.19,7.19,7.19,7.19,7.19,0.00,7.17,7.17,7.17,7.17,7.17,0.00,5.49,5.49,5.49,5.49,5.49,0.00
112,0,1,1,0,1,0,1,1,1,0,0,0,1,1,1,1,1,0,1,1,1,0,1,0,1,0,0,3.51,3.51,3.51,3.51,3.51,0.00,4.68,4.68,4.68,4.68,4.68,0.00,4.16,4.16,4.16,4.16,4.16,0.00,3.23,3.23,3.23,3.23,3.23,0.00
113,0,0,0,0,0,2,1,0,0,1,1,2,1,1,1,1,1,2,1,0,0,1,0,2,1,0,0,0.70,0.70,0.70,0.70,0.70,0.00,0.93,0.93,0.93,0.93,0.93,0.00,0.76,0.76,0.76,0.76,0.76,0.00,0.61,0.61,0.61,0.61,0.61,0.00
127,1,0,1,1,1,0,1,1,1,1,1,0,0,1,1,1,1,2,1,1,1,1,1,0,0,1,0,14.35,14.35,14.35,14.35,14.35,0.00,14.73,14.73,14.73,14.73,14.73,0.00,13.23,13.23,13.23,13.23,13.23,0.00,12.41,12.41,12.41,12.41,12.41,0.00
128,0,1,0,0,0,2,1,1,1,1,0,2,1,1,1,1,1,0,1,1,1,1,1,0,0,1,0,18.84,18.84,18.84,18.84,18.84,0.00,20.12,20.12,20.12,20.12,20.12,0.00,17.56,17.56,17.56,17.56,17.56,0.00,16.10,16.10,16.10,16.10,16.10,0.00
129,0,0,0,0,1,0,1,1,1,1,1,0,1,1,1,1,1,2,1,1,1,1,1,2,0,1,0,21.04,21.04,21.04,21.04,21.04,0.00,24.94,24.94,24.94,24.94,24.94,0.00,22.86,22.86,22.86,22.86,22.86,0.00,21.45,21.45,21.45,21.45,21.45,0.00
130,0,0,0,0,0,0,1,0,0,0,1,0,0,0,1,1,1,0,0,0,0,0,0,0,1,0,0,4.05,4.05,4.05,4.05,4.05,0.00,4.13,4.13,4.13,4.13,4.13,0.00,3.50,3.50,3.50,3.50,3.50,0.00,3.48,3.48,3.48,3.48,3.48,0.00
131,0,0,0,0,1,2,1,0,0,0,0,2,1,0,1,0,1,2,0,1,0,0,0,2,1,0,0,2.74,2.74,2.74,2.74,2.74,0.00,2.43,2.43,2.43,2.43,2.43,0.00,1.86,1.86,1.86,1.86,1.86,0.00,2.15,2.15,2.15,2.15,2.15,0.00
132,0,0,0,0,0,0,1,0,0,0,0,0,1,1,1,0,1,0,0,0,1,1,1,0,1,0,0,2.59,2.59,2.59,2.59,2.59,0.00,3.16,3.16,3.16,3.16,3.16,0.00,2.89,2.89,2.89,2.89,2.89,0.00,2.64,2.64,2.64,2.64,2.64,0.00
133,0,0,0,0,0,2,0,1,1,0,0,2,1,1,0,1,1,2,1,0,1,0,0,2,1,0,0,2.15,2.15,2.15,2.15,2.15,0.00,3.54,3.54,3.54,3.54,3.54,0.00,3.45,3.45,3.45,3.45,3.45,0.00,2.82,2.82,2.82,2.82,2.82,0.00
134,0,0,1,0,0,2,1,1,0,1,0,2,0,1,0,0,1,2,1,0,1,1,0,2,1,0,0,3.58,3.58,3.58,3.58,3.58,0.00,4.09,4.09,4.09,4.09,4.09,0.00,3.56,3.56,3.56,3.56,3.56,0.00,2.89,2.89,2.89,2.89,2.89,0.00
135,0,0,0,1,1,0,0,0,0,0,0,0,1,0,0,0,0,0,1,0,0,0,1,0,1,0,0,0.43,0.43,0.43,0.43,0.43,0.00,0.38,0.38,0.38,0.38,0.38,0.00,0.39,0.39,0.39,0.39,0.39,0.00,0.31,0.31,0.31,0.31,0.31,0.00
150,0,0,1,1,0,0,0,1,1,1,0,0,0,1,1,1,1,0,1,1,0,1,1,0,0,1,0,9.07,9.07,9.07,9.07,9.07,0.00,10.89,10.89,10.89,10.89,10.89,0.00,11.49,11.49,11.49,11.49,11.49,0.00,9.36,9.36,9.36,9.36,9.36,0.00
151,1,0,1,1,0,0,1,1,1,1,1,0,1,1,1,1,1,0,1,1,1,1,1,0,0,1,0,17.61,17.61,17.61,17.61,17.61,0.00,20.43,20.43,20.43,20.43,20.43,0.00,18.38,18.38,18.38,18.38,18.38,0.00,16.44,16.44,16.44,16.44,16.44,0.00
152,0,0,1,0,0,0,0,0,0,1,0,2,1,1,1,1,0,2,0,1,1,1,1,2,1,0,0,10.93,10.93,10.93,10.93,10.93,0.00,13.73,13.73,13.73,13.73,13.73,0.00,12.04,12.04,12.04,12.04,12.04,0.00,9.95,9.95,9.95,9.95,9.95,0.00
153,0,0,0,0,1,0,1,0,1,0,0,0,1,0,0,0,0,0,1,1,0,1,0,0,1,0,0,4.69,4.69,4.69,4.69,4.69,0.00,5.58,5.58,5.58,5.58,5.58,0.00,4.59,4.59,4.59,4.59,4.59,0.00,4.60,4.60,4.60,4.60,4.60,0.00
154,1,0,1,1,0,0,1,1,1,1,1,0,1,1,1,0,0,0,1,1,1,1,1,0,1,0,0,3.81,3.81,3.81,3.81,3.81,0.00,4.92,4.92,4.92,4.92,4.92,0.00,3.84,3.84,3.84,3.84,3.84,0.00,4.11,4.11,4.11,4.11,4.11,0.00
155,1,1,0,0,1,2,1,1,0,1,0,2,1,0,0,0,0,2,1,1,1,0,1,2,1,0,0,3.39,3.39,3.39,3.39,3.39,0.00,4.86,4.86,4.86,4.86,4.86,0.00,4.09,4.09,4.09,4.09,4.09,0.00,3.98,3.98,3.98,3.98,3.98,0.00
156,0,0,0,1,0,0,0,1,1,0,0,0,1,1,1,0,0,0,0,1,0,1,0,0,1,0,0,2.76,2.76,2.76,2.76,2.76,0.00,4.20,4.20,4.20,4.20,4.20,0.00,3.82,3.82,3.82,3.82,3.82,0.00,3.53,3.53,3.53,3.53,3.53,0.00
157,0,1,0,0,0,0,1,1,0,1,1,0,1,1,1,0,0,0,1,0,0,1,1,0,0,1,0,2.35,2.35,2.35,2.35,2.35,0.00,2.32,2.32,2.32,2.32,2.32,0.00,2.32,2.32,2.32,2.32,2.32,0.00,1.90,1.90,1.90,1.90,1.90,0.00
158,0,0,0,0,0,0,0,0,0,0,0,0,0,0,0,0,0,0,0,0,0,0,0,0,0,0,1,0.00,0.00,0.00,0.00,0.00,0.00,0.00,0.00,0.00,0.00,0.00,0.00,0.00,0.00,0.00,0.00,0.00,0.00,0.00,0.00,0.00,0.00,0.00,0.00
169,0,0,0,0,0,0,0,1,0,0,1,0,0,0,1,0,0,0,1,0,1,0,1,0,0,1,0,13.43,13.43,13.43,13.43,13.43,0.00,14.36,14.36,14.36,14.36,14.36,0.00,14.67,14.67,14.67,14.67,14.67,0.00,17.22,17.22,17.22,17.22,17.22,0.00
170,1,0,1,0,0,0,1,1,1,1,0,0,1,1,1,1,0,0,1,1,1,1,1,0,1,0,0,15.13,15.13,15.13,15.13,15.13,0.00,16.19,16.19,16.19,16.19,16.19,0.00,15.88,15.88,15.88,15.88,15.88,0.00,19.49,19.49,19.49,19.49,19.49,0.00
171,1,0,0,0,1,0,1,1,1,1,1,0,1,1,1,1,1,0,1,1,1,1,1,0,0,1,0,14.56,14.56,14.56,14.56,14.56,0.00,16.86,16.86,16.86,16.86,16.86,0.00,17.65,17.65,17.65,17.65,17.65,0.00,19.45,19.45,19.45,19.45,19.45,0.00
172,1,1,1,0,1,0,1,1,1,1,0,0,1,1,1,1,1,2,1,1,1,1,1,2,0,1,0,15.24,15.24,15.24,15.24,15.24,0.00,19.52,19.52,19.52,19.52,19.52,0.00,18.35,18.35,18.35,18.35,18.35,0.00,17.08,17.08,17.08,17.08,17.08,0.00
173,0,0,1,0,1,0,1,1,1,1,0,0,1,1,1,1,1,2,1,1,1,1,1,2,1,0,0,18.04,18.04,18.04,18.04,18.04,0.00,22.65,22.65,22.65,22.65,22.65,0.00,20.56,20.56,20.56,20.56,20.56,0.00,19.32,19.32,19.32,19.32,19.32,0.00
174,1,0,0,0,1,2,1,0,1,1,0,2,1,1,1,1,1,0,1,1,1,1,1,0,1,0,0,12.29,12.29,12.29,12.29,12.29,0.00,15.28,15.28,15.28,15.28,15.28,0.00,13.02,13.02,13.02,13.02,13.02,0.00,11.43,11.43,11.43,11.43,11.43,0.00
175,0,0,1,0,1,0,0,1,0,0,0,2,1,1,1,0,1,2,1,1,1,0,1,2,0,1,0,5.62,5.62,5.62,5.62,5.62,0.00,7.00,7.00,7.00,7.00,7.00,0.00,5.80,5.80,5.80,5.80,5.80,0.00,6.25,6.25,6.25,6.25,6.25,0.00
176,1,0,1,0,1,0,0,1,1,1,1,0,1,1,1,0,1,0,1,1,1,1,1,0,0,1,0,9.76,9.76,9.76,9.76,9.76,0.00,10.28,10.28,10.28,10.28,10.28,0.00,9.82,9.82,9.82,9.82,9.82,0.00,10.37,10.37,10.37,10.37,10.37,0.00
177,0,0,0,0,0,0,0,1,1,0,1,0,0,1,0,0,0,0,1,1,1,0,0,0,0,1,0,5.80,5.80,5.80,5.80,5.80,0.00,7.64,7.64,7.64,7.64,7.64,0.00,6.61,6.61,6.61,6.61,6.61,0.00,6.54,6.54,6.54,6.54,6.54,0.00
178,0,0,0,1,1,0,1,1,1,0,1,2,1,1,1,1,0,2,1,1,1,1,1,2,0,1,0,4.33,4.33,4.33,4.33,4.33,0.00,5.66,5.66,5.66,5.66,5.66,0.00,5.15,5.15,5.15,5.15,5.15,0.00,4.61,4.61,4.61,4.61,4.61,0.00
179,0,0,0,0,0,0,0,0,0,0,1,0,0,1,0,0,1,0,0,1,1,1,1,0,0,0,1,2.39,2.39,2.39,2.39,2.39,0.00,3.09,3.09,3.09,3.09,3.09,0.00,2.83,2.83,2.83,2.83,2.83,0.00,2.60,2.60,2.60,2.60,2.60,0.00
191,1,1,1,0,1,0,1,1,1,1,0,0,1,1,1,1,1,0,1,1,1,1,1,0,0,1,0,14.75,14.75,14.75,14.75,14.75,0.00,15.15,15.15,15.15,15.15,15.15,0.00,14.26,14.26,14.26,14.26,14.26,0.00,17.22,17.22,17.22,17.22,17.22,0.00
192,1,0,1,1,1,0,1,1,0,0,0,0,1,1,1,1,1,0,1,1,1,1,1,0,0,1,0,16.81,16.81,16.81,16.81,16.81,0.00,19.92,19.92,19.92,19.92,19.92,0.00,17.63,17.63,17.63,17.63,17.63,0.00,19.84,19.84,19.84,19.84,19.84,0.00
193,0,0,1,0,1,0,1,0,1,0,1,0,1,1,1,1,1,0,1,1,1,1,1,0,0,1,0,16.68,16.68,16.68,16.68,16.68,0.00,20.29,20.29,20.29,20.29,20.29,0.00,19.14,19.14,19.14,19.14,19.14,0.00,21.46,21.46,21.46,21.46,21.46,0.00
194,1,0,0,1,1,0,1,1,1,1,1,2,1,1,1,1,1,2,1,1,1,1,1,2,0,1,0,13.91,13.91,13.91,13.91,13.91,0.00,15.48,15.48,15.48,15.48,15.48,0.00,16.31,16.31,16.31,16.31,16.31,0.00,16.20,16.20,16.20,16.20,16.20,0.00
195,0,1,0,0,1,0,0,1,1,1,1,0,1,0,0,1,1,2,0,1,1,1,1,2,0,1,0,9.08,9.08,9.08,9.08,9.08,0.00,8.86,8.86,8.86,8.86,8.86,0.00,9.30,9.30,9.30,9.30,9.30,0.00,8.98,8.98,8.98,8.98,8.98,0.00
196,0,0,0,0,0,0,0,0,0,0,1,0,0,1,1,0,1,0,0,0,1,0,0,0,0,0,1,3.16,3.16,3.16,3.16,3.16,0.00,3.48,3.48,3.48,3.48,3.48,0.00,3.75,3.75,3.75,3.75,3.75,0.00,3.50,3.50,3.50,3.50,3.50,0.00
197,0,0,0,0,0,0,0,1,0,0,0,0,1,1,1,0,0,0,0,1,0,1,0,0,0,0,1,3.88,3.88,3.88,3.88,3.88,0.00,4.04,4.04,4.04,4.04,4.04,0.00,4.21,4.21,4.21,4.21,4.21,0.00,4.22,4.22,4.22,4.22,4.22,0.00
198,0,0,1,0,0,0,0,0,0,1,0,0,1,0,1,0,0,0,1,0,1,1,0,0,0,0,1,3.33,3.33,3.33,3.33,3.33,0.00,3.60,3.60,3.60,3.60,3.60,0.00,3.61,3.61,3.61,3.61,3.61,0.00,3.68,3.68,3.68,3.68,3.68,0.00
199,0,0,0,0,0,0,1,0,0,0,0,0,0,0,0,0,0,0,0,0,1,0,0,0,0,0,1,2.88,2.88,2.88,2.88,2.88,0.00,3.56,3.56,3.56,3.56,3.56,0.00,3.52,3.52,3.52,3.52,3.52,0.00,3.29,3.29,3.29,3.29,3.29,0.00
200,0,0,0,0,0,0,0,1,1,0,0,0,0,0,0,1,0,0,1,0,0,0,0,0,0,0,1,1.99,1.99,1.99,1.99,1.99,0.00,2.39,2.39,2.39,2.39,2.39,0.00,2.29,2.29,2.29,2.29,2.29,0.00,2.55,2.55,2.55,2.55,2.55,0.00
201,0,0,0,0,0,0,0,0,0,0,0,0,0,0,0,0,0,0,1,1,0,0,0,0,0,0,1,0.80,0.80,0.80,0.80,0.80,0.00,0.97,0.97,0.97,0.97,0.97,0.00,0.93,0.93,0.93,0.93,0.93,0.00,1.04,1.04,1.04,1.04,1.04,0.00
202,0,0,0,0,0,0,0,0,0,0,0,0,0,0,0,0,0,0,0,0,0,0,0,0,0,0,1,0.33,0.33,0.33,0.33,0.33,0.00,0.54,0.54,0.54,0.54,0.54,0.00,0.50,0.50,0.50,0.50,0.50,0.00,0.52,0.52,0.52,0.52,0.52,0.00
203,0,0,0,0,0,0,0,0,0,0,0,0,0,0,0,0,0,0,0,0,0,0,0,0,0,0,1,0.25,0.25,0.25,0.25,0.25,0.00,0.45,0.45,0.45,0.45,0.45,0.00,0.41,0.41,0.41,0.41,0.41,0.00,0.41,0.41,0.41,0.41,0.41,0.00
216,0,1,0,0,0,0,1,0,0,0,0,0,1,1,0,1,1,0,1,1,0,1,1,0,0,1,0,5.19,5.19,5.19,5.19,5.19,0.00,5.54,5.54,5.54,5.54,5.54,0.00,5.77,5.77,5.77,5.77,5.77,0.00,5.50,5.50,5.50,5.50,5.50,0.00
217,0,0,0,0,0,0,0,1,0,0,1,0,1,0,0,1,1,0,0,1,0,0,1,0,0,0,1,3.68,3.68,3.68,3.68,3.68,0.00,4.10,4.10,4.10,4.10,4.10,0.00,4.27,4.27,4.27,4.27,4.27,0.00,3.93,3.93,3.93,3.93,3.93,0.00
218,0,0,0,0,0,0,0,0,1,0,0,0,0,1,0,0,0,0,0,0,0,1,0,0,0,0,1,2.36,2.36,2.36,2.36,2.36,0.00,2.60,2.60,2.60,2.60,2.60,0.00,3.00,3.00,3.00,3.00,3.00,0.00,2.76,2.76,2.76,2.76,2.76,0.00
219,0,0,0,0,0,0,0,0,1,0,0,0,0,0,0,0,0,0,0,0,0,1,0,0,0,0,1,1.94,1.94,1.94,1.94,1.94,0.00,2.15,2.15,2.15,2.15,2.15,0.00,2.61,2.61,2.61,2.61,2.61,0.00,2.39,2.39,2.39,2.39,2.39,0.00
220,0,0,0,0,0,0,0,0,0,0,0,0,0,0,0,1,0,0,0,0,0,0,0,0,0,0,1,1.91,1.91,1.91,1.91,1.91,0.00,2.13,2.13,2.13,2.13,2.13,0.00,2.50,2.50,2.50,2.50,2.50,0.00,2.39,2.39,2.39,2.39,2.39,0.00
221,0,0,0,0,0,0,0,0,0,0,0,0,0,0,0,0,0,0,1,1,1,0,0,0,0,0,1,1.90,1.90,1.90,1.90,1.90,0.00,2.22,2.22,2.22,2.22,2.22,0.00,2.25,2.25,2.25,2.25,2.25,0.00,2.49,2.49,2.49,2.49,2.49,0.00
222,0,0,0,0,0,0,0,0,0,0,0,0,0,0,0,0,0,0,0,0,0,0,0,0,0,0,1,1.66,1.66,1.66,1.66,1.66,0.00,2.01,2.01,2.01,2.01,2.01,0.00,1.99,1.99,1.99,1.99,1.99,0.00,2.18,2.18,2.18,2.18,2.18,0.00
223,0,0,0,0,0,0,0,0,0,0,0,0,0,0,0,0,0,0,0,0,0,0,0,0,0,0,1,0.57,0.57,0.57,0.57,0.57,0.00,0.89,0.89,0.89,0.89,0.89,0.00,0.87,0.87,0.87,0.87,0.87,0.00,0.85,0.85,0.85,0.85,0.85,0.00
224,0,0,0,0,0,0,0,0,0,0,0,0,0,0,0,0,0,0,0,0,0,0,0,0,0,0,1,0.73,0.73,0.73,0.73,0.73,0.00,1.03,1.03,1.03,1.03,1.03,0.00,1.05,1.05,1.05,1.05,1.05,0.00,1.01,1.01,1.01,1.01,1.01,0.00
238,0,0,0,0,0,0,0,0,0,0,1,0,0,0,0,1,0,0,0,0,0,0,0,0,0,0,1,3.44,3.44,3.44,3.44,3.44,0.00,3.59,3.59,3.59,3.59,3.59,0.00,4.10,4.10,4.10,4.10,4.10,0.00,3.99,3.99,3.99,3.99,3.99,0.00
239,0,0,0,1,0,0,0,0,0,0,1,0,0,0,0,0,0,0,1,0,0,1,0,0,0,0,1,1.93,1.93,1.93,1.93,1.93,0.00,2.13,2.13,2.13,2.13,2.13,0.00,2.60,2.60,2.60,2.60,2.60,0.00,2.38,2.38,2.38,2.38,2.38,0.00
240,0,0,0,0,0,0,0,0,0,0,0,0,0,0,0,0,0,0,1,0,0,0,0,0,0,0,1,1.93,1.93,1.93,1.93,1.93,0.00,2.13,2.13,2.13,2.13,2.13,0.00,2.60,2.60,2.60,2.60,2.60,0.00,2.38,2.38,2.38,2.38,2.38,0.00
241,0,0,0,0,0,0,0,0,0,0,0,0,0,0,0,0,0,0,0,0,0,0,0,0,0,0,1,1.73,1.73,1.73,1.73,1.73,0.00,1.91,1.91,1.91,1.91,1.91,0.00,2.24,2.24,2.24,2.24,2.24,0.00,2.25,2.25,2.25,2.25,2.25,0.00
242,0,0,0,0,0,0,0,0,0,0,0,0,0,0,0,0,0,0,0,0,0,0,0,0,0,0,1,1.57,1.57,1.57,1.57,1.57,0.00,1.75,1.75,1.75,1.75,1.75,0.00,1.97,1.97,1.97,1.97,1.97,0.00,2.16,2.16,2.16,2.16,2.16,0.00
243,0,0,0,0,0,0,0,0,0,0,0,0,0,0,0,0,0,0,0,0,0,0,0,0,0,0,1,1.72,1.72,1.72,1.72,1.72,0.00,1.87,1.87,1.87,1.87,1.87,0.00,2.18,2.18,2.18,2.18,2.18,0.00,2.13,2.13,2.13,2.13,2.13,0.00
244,0,0,0,0,0,0,0,0,0,0,0,0,0,0,0,0,0,0,0,0,0,0,0,0,0,0,1,1.84,1.84,1.84,1.84,1.84,0.00,1.96,1.96,1.96,1.96,1.96,0.00,2.35,2.35,2.35,2.35,2.35,0.00,2.12,2.12,2.12,2.12,2.12,0.00
245,0,0,0,0,0,0,0,0,0,0,0,0,0,0,0,0,0,0,0,0,0,0,1,0,0,0,1,1.84,1.84,1.84,1.84,1.84,0.00,1.96,1.96,1.96,1.96,1.96,0.00,2.35,2.35,2.35,2.35,2.35,0.00,2.12,2.12,2.12,2.12,2.12,0.00
260,0,0,0,0,0,0,0,0,0,0,0,0,1,0,0,1,0,0,1,0,0,0,0,0,0,0,1,2.20,2.20,2.20,2.20,2.20,0.00,2.24,2.24,2.24,2.24,2.24,0.00,2.54,2.54,2.54,2.54,2.54,0.00,2.45,2.45,2.45,2.45,2.45,0.00
261,0,0,0,0,0,0,0,0,0,0,0,0,1,0,0,0,0,0,0,0,0,0,0,0,0,0,1,1.93,1.93,1.93,1.93,1.93,0.00,2.13,2.13,2.13,2.13,2.13,0.00,2.60,2.60,2.60,2.60,2.60,0.00,2.38,2.38,2.38,2.38,2.38,0.00
262,0,1,0,0,0,0,0,0,0,0,0,0,0,0,0,0,0,0,0,1,0,0,0,0,0,0,1,1.71,1.71,1.71,1.71,1.71,0.00,1.90,1.90,1.90,1.90,1.90,0.00,2.22,2.22,2.22,2.22,2.22,0.00,2.24,2.24,2.24,2.24,2.24,0.00
263,0,0,0,0,0,0,0,0,0,1,0,0,0,0,0,0,0,0,0,0,0,0,0,0,0,0,1,1.57,1.57,1.57,1.57,1.57,0.00,1.75,1.75,1.75,1.75,1.75,0.00,1.97,1.97,1.97,1.97,1.97,0.00,2.16,2.16,2.16,2.16,2.16,0.00
264,0,0,0,0,0,0,0,0,0,0,0,0,0,0,0,0,0,0,0,0,0,0,0,0,0,0,1,1.74,1.74,1.74,1.74,1.74,0.00,1.88,1.88,1.88,1.88,1.88,0.00,2.20,2.20,2.20,2.20,2.20,0.00,2.13,2.13,2.13,2.13,2.13,0.00
265,0,0,0,0,0,0,0,0,0,0,0,0,0,0,0,0,0,0,0,0,1,0,0,0,0,0,1,1.84,1.84,1.84,1.84,1.84,0.00,1.96,1.96,1.96,1.96,1.96,0.00,2.35,2.35,2.35,2.35,2.35,0.00,2.12,2.12,2.12,2.12,2.12,0.00
266,0,0,0,0,0,0,0,0,0,0,0,0,0,0,0,1,0,0,0,0,1,0,0,0,0,0,1,1.84,1.84,1.84,1.84,1.84,0.00,1.96,1.96,1.96,1.96,1.96,0.00,2.35,2.35,2.35,2.35,2.35,0.00,2.12,2.12,2.12,2.12,2.12,0.00
280,0,1,0,0,0,0,0,0,0,0,0,0,0,0,0,0,0,0,0,0,0,0,0,0,0,0,1,2.15,2.15,2.15,2.15,2.15,0.00,2.22,2.22,2.22,2.22,2.22,0.00,2.55,2.55,2.55,2.55,2.55,0.00,2.44,2.44,2.44,2.44,2.44,0.00
281,0,0,0,0,0,0,0,0,0,0,0,0,0,0,0,0,0,0,0,0,0,0,0,0,0,0,1,1.72,1.72,1.72,1.72,1.72,0.00,1.90,1.90,1.90,1.90,1.90,0.00,2.23,2.23,2.23,2.23,2.23,0.00,2.25,2.25,2.25,2.25,2.25,0.00
282,0,0,0,0,0,0,0,0,0,0,0,0,0,0,0,0,0,0,0,0,0,0,0,0,0,0,1,1.57,1.57,1.57,1.57,1.57,0.00,1.75,1.75,1.75,1.75,1.75,0.00,1.97,1.97,1.97,1.97,1.97,0.00,2.16,2.16,2.16,2.16,2.16,0.00
283,0,0,0,0,0,0,0,0,0,0,0,0,0,0,0,0,0,0,0,0,0,0,0,0,0,0,1,1.68,1.68,1.68,1.68,1.68,0.00,1.84,1.84,1.84,1.84,1.84,0.00,2.13,2.13,2.13,2.13,2.13,0.00,2.14,2.14,2.14,2.14,2.14,0.00
284,0,0,0,0,0,0,0,0,0,0,0,0,1,0,0,0,0,0,0,0,0,0,0,0,0,0,1,1.84,1.84,1.84,1.84,1.84,0.00,1.96,1.96,1.96,1.96,1.96,0.00,2.35,2.35,2.35,2.35,2.35,0.00,2.12,2.12,2.12,2.12,2.12,0.00
285,0,0,0,0,0,0,0,0,0,0,0,0,0,0,1,0,0,0,0,1,0,0,0,0,0,0,1,1.84,1.84,1.84,1.84,1.84,0.00,1.96,1.96,1.96,1.96,1.96,0.00,2.35,2.35,2.35,2.35,2.35,0.00,2.12,2.12,2.12,2.12,2.12,0.00
299,0,0,0,0,0,0,0,0,0,0,0,0,1,0,0,1,0,0,0,0,0,1,0,0,0,0,1,2.01,2.01,2.01,2.01,2.01,0.00,2.06,2.06,2.06,2.06,2.06,0.00,2.07,2.07,2.07,2.07,2.07,0.00,2.18,2.18,2.18,2.18,2.18,0.00
300,0,0,0,0,0,0,0,0,0,0,0,0,0,0,0,0,0,0,0,0,0,0,0,0,0,0,1,1.12,1.12,1.12,1.12,1.12,0.00,1.85,1.85,1.85,1.85,1.85,0.00,2.04,2.04,2.04,2.04,2.04,0.00,2.01,2.01,2.01,2.01,2.01,0.00
301,0,0,0,0,0,0,0,0,0,0,0,0,0,0,0,0,0,0,0,0,0,0,0,0,0,0,1,0.97,0.97,0.97,0.97,0.97,0.00,1.87,1.87,1.87,1.87,1.87,0.00,2.04,2.04,2.04,2.04,2.04,0.00,1.96,1.96,1.96,1.96,1.96,0.00
302,0,0,0,0,0,0,0,0,0,1,0,0,0,0,0,0,0,0,0,0,0,0,0,0,0,0,1,0.87,0.87,0.87,0.87,0.87,0.00,1.81,1.81,1.81,1.81,1.81,0.00,1.95,1.95,1.95,1.95,1.95,0.00,1.88,1.88,1.88,1.88,1.88,0.00
303,0,0,0,0,0,0,0,0,0,0,0,0,0,0,0,0,1,0,0,0,0,0,0,0,0,0,1,0.94,0.94,0.94,0.94,0.94,0.00,1.58,1.58,1.58,1.58,1.58,0.00,1.68,1.68,1.68,1.68,1.68,0.00,1.77,1.77,1.77,1.77,1.77,0.00
304,0,0,0,0,0,0,0,0,0,0,0,0,0,0,0,0,0,0,0,0,0,0,1,0,0,0,1,0.97,0.97,0.97,0.97,0.97,0.00,1.59,1.59,1.59,1.59,1.59,0.00,1.70,1.70,1.70,1.70,1.70,0.00,1.79,1.79,1.79,1.79,1.79,0.00
319,0,0,0,0,0,0,0,0,0,1,0,0,0,0,0,0,0,0,0,0,0,0,0,0,0,0,1,0.96,0.96,0.96,0.96,0.96,0.00,1.57,1.57,1.57,1.57,1.57,0.00,1.56,1.56,1.56,1.56,1.56,0.00,1.52,1.52,1.52,1.52,1.52,0.00
320,0,0,0,0,0,0,0,0,0,0,0,0,0,0,0,0,0,0,0,0,0,0,0,0,0,0,1,0.65,0.65,0.65,0.65,0.65,0.00,1.94,1.94,1.94,1.94,1.94,0.00,2.08,2.08,2.08,2.08,2.08,0.00,1.86,1.86,1.86,1.86,1.86,0.00
321,0,0,0,0,0,0,0,0,0,0,0,0,0,0,0,0,0,0,0,0,0,0,0,0,0,0,1,0.65,0.65,0.65,0.65,0.65,0.00,1.81,1.81,1.81,1.81,1.81,0.00,1.92,1.92,1.92,1.92,1.92,0.00,1.81,1.81,1.81,1.81,1.81,0.00
322,0,0,0,0,0,0,0,0,0,0,0,0,0,0,0,0,0,0,0,0,0,0,0,0,0,0,1,0.65,0.65,0.65,0.65,0.65,0.00,1.45,1.45,1.45,1.45,1.45,0.00,1.46,1.46,1.46,1.46,1.46,0.00,1.66,1.66,1.66,1.66,1.66,0.00
323,0,0,0,0,0,0,0,0,0,1,0,0,0,0,0,0,0,0,0,0,0,1,0,0,0,0,1,0.65,0.65,0.65,0.65,0.65,0.00,1.45,1.45,1.45,1.45,1.45,0.00,1.46,1.46,1.46,1.46,1.46,0.00,1.66,1.66,1.66,1.66,1.66,0.00
337,0,0,0,0,0,0,0,0,0,0,0,0,1,0,0,0,0,0,0,0,0,0,0,0,0,0,1,1.19,1.19,1.19,1.19,1.19,0.00,1.39,1.39,1.39,1.39,1.39,0.00,1.20,1.20,1.20,1.20,1.20,0.00,1.26,1.26,1.26,1.26,1.26,0.00
338,0,0,0,0,0,0,0,0,0,0,0,0,0,0,0,0,0,0,0,0,0,0,0,0,0,0,1,1.55,1.55,1.55,1.55,1.55,0.00,1.39,1.39,1.39,1.39,1.39,0.00,1.47,1.47,1.47,1.47,1.47,0.00,1.49,1.49,1.49,1.49,1.49,0.00
339,0,0,0,0,0,0,0,0,0,0,0,0,0,0,0,0,0,0,0,0,0,0,0,0,0,0,1,0.99,0.99,0.99,0.99,0.99,0.00,1.34,1.34,1.34,1.34,1.34,0.00,1.43,1.43,1.43,1.43,1.43,0.00,1.28,1.28,1.28,1.28,1.28,0.00
340,0,0,0,0,0,0,0,0,0,0,0,0,0,0,0,0,0,0,0,0,0,1,1,0,0,0,1,0.71,0.71,0.71,0.71,0.71,0.00,1.76,1.76,1.76,1.76,1.76,0.00,1.87,1.87,1.87,1.87,1.87,0.00,1.76,1.76,1.76,1.76,1.76,0.00
341,0,0,0,0,0,0,0,0,0,0,0,0,0,0,0,0,0,0,0,0,0,0,0,0,0,0,1,0.65,0.65,0.65,0.65,0.65,0.00,1.45,1.45,1.45,1.45,1.45,0.00,1.46,1.46,1.46,1.46,1.46,0.00,1.66,1.66,1.66,1.66,1.66,0.00
342,0,0,0,0,0,0,0,0,0,0,0,0,0,0,0,0,0,0,0,0,0,0,0,0,0,0,1,0.65,0.65,0.65,0.65,0.65,0.00,1.45,1.45,1.45,1.45,1.45,0.00,1.46,1.46,1.46,1.46,1.46,0.00,1.66,1.66,1.66,1.66,1.66,0.00
356,0,0,0,0,0,0,0,0,0,0,0,0,0,0,0,0,0,0,0,0,0,0,0,0,0,0,1,1.17,1.17,1.17,1.17,1.17,0.00,1.10,1.10,1.10,1.10,1.10,0.00,1.19,1.19,1.19,1.19,1.19,0.00,1.34,1.34,1.34,1.34,1.34,0.00
357,0,0,0,0,0,0,0,0,0,0,1,0,0,0,0,1,0,0,0,0,0,0,0,0,0,0,1,2.05,2.05,2.05,2.05,2.05,0.00,1.65,1.65,1.65,1.65,1.65,0.00,1.77,1.77,1.77,1.77,1.77,0.00,1.63,1.63,1.63,1.63,1.63,0.00
358,0,0,0,0,0,0,0,0,0,0,0,0,0,0,0,0,0,0,0,0,0,0,0,0,0,1,0,1.57,1.57,1.57,1.57,1.57,0.00,1.24,1.24,1.24,1.24,1.24,0.00,1.33,1.33,1.33,1.33,1.33,0.00,1.19,1.19,1.19,1.19,1.19,0.00
359,0,0,0,0,0,0,0,1,0,0,0,0,0,0,0,0,0,0,0,0,0,0,0,0,0,0,1,2.04,2.04,2.04,2.04,2.04,0.00,1.81,1.81,1.81,1.81,1.81,0.00,1.91,1.91,1.91,1.91,1.91,0.00,1.81,1.81,1.81,1.81,1.81,0.00
360,0,0,0,0,0,0,0,0,0,0,0,0,0,0,0,0,0,0,0,0,0,0,0,0,0,0,1,1.29,1.29,1.29,1.29,1.29,0.00,1.45,1.45,1.45,1.45,1.45,0.00,1.46,1.46,1.46,1.46,1.46,0.00,1.66,1.66,1.66,1.66,1.66,0.00
361,0,0,0,0,0,0,0,0,0,0,0,0,0,0,0,0,0,0,0,0,0,0,0,0,0,0,1,1.39,1.39,1.39,1.39,1.39,0.00,1.45,1.45,1.45,1.45,1.45,0.00,1.46,1.46,1.46,1.46,1.46,0.00,1.66,1.66,1.66,1.66,1.66,0.00
375,0,0,0,0,0,0,0,0,0,0,0,0,0,0,0,0,0,0,0,0,0,0,0,0,0,0,1,1.64,1.64,1.64,1.64,1.64,0.00,1.49,1.49,1.49,1.49,1.49,0.00,1.57,1.57,1.57,1.57,1.57,0.00,1.53,1.53,1.53,1.53,1.53,0.00
376,0,0,0,0,0,0,0,0,0,0,0,0,0,0,0,0,0,0,1,0,0,0,0,0,0,0,1,1.94,1.94,1.94,1.94,1.94,0.00,1.61,1.61,1.61,1.61,1.61,0.00,1.73,1.73,1.73,1.73,1.73,0.00,1.65,1.65,1.65,1.65,1.65,0.00
377,0,0,0,0,0,0,0,0,0,0,0,0,0,0,0,1,0,0,0,0,0,0,0,0,0,0,1,2.45,2.45,2.45,2.45,2.45,0.00,1.94,1.94,1.94,1.94,1.94,0.00,2.08,2.08,2.08,2.08,2.08,0.00,1.86,1.86,1.86,1.86,1.86,0.00
378,0,0,0,0,0,0,0,0,0,0,0,0,0,0,0,0,0,0,0,0,0,0,0,0,0,0,1,2.37,2.37,2.37,2.37,2.37,0.00,1.87,1.87,1.87,1.87,1.87,0.00,2.00,2.00,2.00,2.00,2.00,0.00,1.83,1.83,1.83,1.83,1.83,0.00
379,0,0,0,0,0,0,0,0,0,0,0,0,0,0,0,0,0,0,0,0,0,0,0,0,0,0,1,1.85,1.85,1.85,1.85,1.85,0.00,1.45,1.45,1.45,1.45,1.45,0.00,1.46,1.46,1.46,1.46,1.46,0.00,1.66,1.66,1.66,1.66,1.66,0.00
380,0,0,0,0,0,0,0,0,0,0,0,0,0,0,0,0,0,0,0,1,0,0,0,0,0,0,1,1.85,1.85,1.85,1.85,1.85,0.00,1.45,1.45,1.45,1.45,1.45,0.00,1.46,1.46,1.46,1.46,1.46,0.00,1.66,1.66,1.66,1.66,1.66,0.00
394,0,0,0,0,0,0,0,0,0,0,0,0,0,0,0,0,0,0,0,0,0,0,0,0,0,0,1,3.35,3.35,3.35,3.35,3.35,0.00,2.81,2.81,2.81,2.81,2.81,0.00,2.93,2.93,2.93,2.93,2.93,0.00,2.41,2.41,2.41,2.41,2.41,0.00
395,0,0,0,0,0,0,0,0,0,0,0,0,0,0,0,0,0,0,0,0,0,0,0,0,0,0,1,2.29,2.29,2.29,2.29,2.29,0.00,1.85,1.85,1.85,1.85,1.85,0.00,1.98,1.98,1.98,1.98,1.98,0.00,1.76,1.76,1.76,1.76,1.76,0.00
396,0,0,0,0,0,0,0,0,0,0,0,0,0,0,0,0,0,0,1,0,0,0,0,0,0,0,1,2.10,2.10,2.10,2.10,2.10,0.00,1.66,1.66,1.66,1.66,1.66,0.00,1.78,1.78,1.78,1.78,1.78,0.00,1.60,1.60,1.60,1.60,1.60,0.00
397,0,0,0,0,0,0,0,0,1,0,0,0,0,0,0,0,0,0,0,0,1,0,1,0,0,0,1,2.12,2.12,2.12,2.12,2.12,0.00,1.67,1.67,1.67,1.67,1.67,0.00,1.78,1.78,1.78,1.78,1.78,0.00,1.66,1.66,1.66,1.66,1.66,0.00
398,0,0,0,0,0,0,0,0,0,0,0,0,0,0,0,0,0,0,0,0,0,0,0,0,0,0,1,1.85,1.85,1.85,1.85,1.85,0.00,1.45,1.45,1.45,1.45,1.45,0.00,1.46,1.46,1.46,1.46,1.46,0.00,1.66,1.66,1.66,1.66,1.66,0.00
399,0,0,0,0,0,0,0,0,0,0,0,0,0,0,0,0,0,0,0,0,0,0,0,0,0,0,1,1.85,1.85,1.85,1.85,1.85,0.00,1.45,1.45,1.45,1.45,1.45,0.00,1.46,1.46,1.46,1.46,1.46,0.00,1.66,1.66,1.66,1.66,1.66,0.00
413,0,0,0,0,0,0,0,0,0,1,0,0,0,0,1,0,0,0,0,0,0,0,1,0,0,0,1,4.84,4.84,4.84,4.84,4.84,0.00,3.86,3.86,3.86,3.86,3.86,0.00,4.08,4.08,4.08,4.08,4.08,0.00,3.28,3.28,3.28,3.28,3.28,0.00
414,0,0,0,0,0,0,0,0,0,0,0,0,0,0,0,0,0,0,0,0,0,0,0,0,0,0,1,0.22,0.22,0.22,0.22,0.22,0.00,0.18,0.18,0.18,0.18,0.18,0.00,0.19,0.19,0.19,0.19,0.19,0.00,0.15,0.15,0.15,0.15,0.15,0.00
416,0,0,0,0,0,0,0,0,0,0,0,0,0,0,0,0,0,0,0,0,1,0,0,0,0,0,1,0.65,0.65,0.65,0.65,0.65,0.00,0.60,0.60,0.60,0.60,0.60,0.00,0.70,0.70,0.70,0.70,0.70,0.00,0.68,0.68,0.68,0.68,0.68,0.00
417,0,0,0,0,0,0,0,0,0,0,0,0,0,0,0,0,0,0,0,0,0,0,0,0,0,0,1,1.64,1.64,1.64,1.64,1.64,0.00,1.32,1.32,1.32,1.32,1.32,0.00,1.37,1.37,1.37,1.37,1.37,0.00,1.52,1.52,1.52,1.52,1.52,0.00
418,0,0,0,0,0,0,0,0,0,0,0,0,0,1,0,0,1,0,0,0,0,0,0,0,0,0,1,1.85,1.85,1.85,1.85,1.85,0.00,1.45,1.45,1.45,1.45,1.45,0.00,1.46,1.46,1.46,1.46,1.46,0.00,1.66,1.66,1.66,1.66,1.66,0.00
431,0,0,0,0,0,0,0,0,0,0,0,0,1,0,0,0,0,0,1,0,0,0,0,0,0,0,1,5.88,5.88,5.88,5.88,5.88,0.00,4.75,4.75,4.75,4.75,4.75,0.00,4.85,4.85,4.85,4.85,4.85,0.00,3.99,3.99,3.99,3.99,3.99,0.00
432,0,0,0,0,0,0,0,0,0,0,0,0,0,0,0,0,0,0,0,0,0,0,0,0,0,0,1,3.88,3.88,3.88,3.88,3.88,0.00,3.42,3.42,3.42,3.42,3.42,0.00,3.55,3.55,3.55,3.55,3.55,0.00,3.03,3.03,3.03,3.03,3.03,0.00
433,0,0,0,0,0,0,0,0,0,0,0,0,0,0,0,0,0,0,0,0,0,0,0,0,0,0,1,1.65,1.65,1.65,1.65,1.65,0.00,1.63,1.63,1.63,1.63,1.63,0.00,1.67,1.67,1.67,1.67,1.67,0.00,1.50,1.50,1.50,1.50,1.50,0.00
434,0,0,0,0,0,0,0,0,0,0,0,0,0,0,0,0,0,0,0,0,0,0,0,0,0,0,1,1.16,1.16,1.16,1.16,1.16,0.00,1.16,1.16,1.16,1.16,1.16,0.00,1.19,1.19,1.19,1.19,1.19,0.00,1.08,1.08,1.08,1.08,1.08,0.00
435,0,0,0,0,0,0,0,0,0,0,0,0,0,0,0,0,0,0,0,0,0,0,0,0,0,0,1,0.79,0.79,0.79,0.79,0.79,0.00,0.78,0.78,0.78,0.78,0.78,0.00,0.96,0.96,0.96,0.96,0.96,0.00,0.90,0.90,0.90,0.90,0.90,0.00
436,0,0,0,0,0,0,0,0,0,0,0,0,0,0,0,0,0,0,0,0,0,0,0,0,0,0,1,0.92,0.92,0.92,0.92,0.92,0.00,0.88,0.88,0.88,0.88,0.88,0.00,1.06,1.06,1.06,1.06,1.06,0.00,1.02,1.02,1.02,1.02,1.02,0.00
437,0,0,0,0,0,0,0,0,0,0,0,0,0,0,0,0,0,0,0,0,0,0,0,0,0,0,1,1.16,1.16,1.16,1.16,1.16,0.00,1.03,1.03,1.03,1.03,1.03,0.00,1.16,1.16,1.16,1.16,1.16,0.00,1.19,1.19,1.19,1.19,1.19,0.00
450,0,0,0,0,0,0,0,0,1,0,0,0,1,0,0,0,0,0,0,0,0,0,0,0,0,0,1,5.41,5.41,5.41,5.41,5.41,0.00,5.02,5.02,5.02,5.02,5.02,0.00,4.93,4.93,4.93,4.93,4.93,0.00,4.19,4.19,4.19,4.19,4.19,0.00
451,0,0,0,0,0,0,0,0,0,0,0,0,0,0,0,0,0,0,0,0,0,1,0,0,0,0,1,4.06,4.06,4.06,4.06,4.06,0.00,4.13,4.13,4.13,4.13,4.13,0.00,4.11,4.11,4.11,4.11,4.11,0.00,3.60,3.60,3.60,3.60,3.60,0.00
452,0,0,0,0,0,0,0,0,0,0,0,0,0,0,0,0,0,0,0,0,0,0,0,0,0,0,1,3.40,3.40,3.40,3.40,3.40,0.00,3.40,3.40,3.40,3.40,3.40,0.00,3.47,3.47,3.47,3.47,3.47,0.00,3.15,3.15,3.15,3.15,3.15,0.00
453,0,0,0,0,0,0,0,0,0,0,0,0,0,1,0,0,1,0,0,0,0,0,0,0,0,0,1,2.95,2.95,2.95,2.95,2.95,0.00,2.94,2.94,2.94,2.94,2.94,0.00,3.03,3.03,3.03,3.03,3.03,0.00,2.76,2.76,2.76,2.76,2.76,0.00
454,0,0,0,0,0,0,0,0,0,0,0,0,0,0,0,0,0,0,0,0,0,0,0,0,0,0,1,0.85,0.85,0.85,0.85,0.85,0.00,0.84,0.84,0.84,0.84,0.84,0.00,1.03,1.03,1.03,1.03,1.03,0.00,0.97,0.97,0.97,0.97,0.97,0.00
455,0,0,0,0,0,0,0,0,0,0,0,0,0,0,0,0,0,0,0,0,0,0,0,0,0,0,1,0.85,0.85,0.85,0.85,0.85,0.00,0.84,0.84,0.84,0.84,0.84,0.00,1.03,1.03,1.03,1.03,1.03,0.00,0.97,0.97,0.97,0.97,0.97,0.00
456,0,0,0,0,0,0,0,0,0,0,0,0,0,0,0,0,0,0,0,0,0,0,0,0,0,0,1,0.85,0.85,0.85,0.85,0.85,0.00,0.84,0.84,0.84,0.84,0.84,0.00,1.03,1.03,1.03,1.03,1.03,0.00,0.97,0.97,0.97,0.97,0.97,0.00
469,0,0,0,0,0,0,0,0,0,0,1,0,0,0,1,0,0,0,0,1,0,0,0,0,0,0,1,4.05,4.05,4.05,4.05,4.05,0.00,4.81,4.81,4.81,4.81,4.81,0.00,4.53,4.53,4.53,4.53,4.53,0.00,3.92,3.92,3.92,3.92,3.92,0.00
470,0,0,0,0,0,0,0,0,0,0,0,0,0,1,0,0,0,0,1,0,0,0,0,0,0,0,1,3.92,3.92,3.92,3.92,3.92,0.00,4.80,4.80,4.80,4.80,4.80,0.00,4.51,4.51,4.51,4.51,4.51,0.00,4.05,4.05,4.05,4.05,4.05,0.00
471,0,0,0,0,0,0,0,0,0,0,0,0,0,0,0,0,0,0,0,0,0,0,1,0,0,0,1,3.45,3.45,3.45,3.45,3.45,0.00,3.53,3.53,3.53,3.53,3.53,0.00,3.57,3.57,3.57,3.57,3.57,0.00,3.23,3.23,3.23,3.23,3.23,0.00
472,0,0,0,0,0,0,0,0,0,0,0,0,0,0,0,0,0,0,0,0,0,0,0,0,0,0,1,3.36,3.36,3.36,3.36,3.36,0.00,3.35,3.35,3.35,3.35,3.35,0.00,3.43,3.43,3.43,3.43,3.43,0.00,3.11,3.11,3.11,3.11,3.11,0.00
473,0,0,0,0,0,0,0,0,0,0,0,0,0,0,0,0,0,0,0,0,1,0,0,0,0,0,1,1.46,1.46,1.46,1.46,1.46,0.00,1.45,1.45,1.45,1.45,1.45,0.00,1.61,1.61,1.61,1.61,1.61,0.00,1.49,1.49,1.49,1.49,1.49,0.00
474,0,0,0,0,0,0,0,0,0,0,0,0,0,0,0,0,0,0,0,0,0,0,0,0,0,0,1,0.97,0.97,0.97,0.97,0.97,0.00,0.87,0.87,0.87,0.87,0.87,0.00,1.07,1.07,1.07,1.07,1.07,0.00,1.10,1.10,1.10,1.10,1.10,0.00
475,0,0,0,0,0,0,0,0,0,0,0,0,0,0,0,0,0,0,0,0,0,0,0,0,0,0,1,1.18,1.18,1.18,1.18,1.18,0.00,0.93,0.93,0.93,0.93,0.93,0.00,1.14,1.14,1.14,1.14,1.14,0.00,1.34,1.34,1.34,1.34,1.34,0.00
489,0,0,0,0,0,0,0,0,0,0,0,0,0,0,0,0,1,0,0,0,0,0,0,0,0,0,1,4.65,4.65,4.65,4.65,4.65,0.00,5.21,5.21,5.21,5.21,5.21,0.00,4.72,4.72,4.72,4.72,4.72,0.00,4.30,4.30,4.30,4.30,4.30,0.00
490,0,0,0,0,0,0,0,0,0,0,0,0,0,0,0,0,0,0,0,0,0,0,0,0,0,0,1,3.49,3.49,3.49,3.49,3.49,0.00,3.29,3.29,3.29,3.29,3.29,0.00,3.58,3.58,3.58,3.58,3.58,0.00,3.62,3.62,3.62,3.62,3.62,0.00
491,0,0,0,0,0,0,0,0,0,0,0,0,0,1,0,0,0,0,0,0,0,0,0,0,0,0,1,3.40,3.40,3.40,3.40,3.40,0.00,3.23,3.23,3.23,3.23,3.23,0.00,3.46,3.46,3.46,3.46,3.46,0.00,3.37,3.37,3.37,3.37,3.37,0.00
492,0,0,0,0,0,0,0,0,0,0,0,0,0,0,0,0,0,0,1,0,0,0,0,0,0,0,1,1.98,1.98,1.98,1.98,1.98,0.00,1.77,1.77,1.77,1.77,1.77,0.00,2.00,2.00,2.00,2.00,2.00,0.00,2.08,2.08,2.08,2.08,2.08,0.00
493,0,0,0,0,0,0,0,0,0,0,0,0,0,0,0,0,0,0,0,0,0,0,0,0,0,0,1,1.23,1.23,1.23,1.23,1.23,0.00,0.94,0.94,0.94,0.94,0.94,0.00,1.15,1.15,1.15,1.15,1.15,0.00,1.40,1.40,1.40,1.40,1.40,0.00
494,0,0,0,0,0,0,0,0,0,0,0,0,0,0,0,0,0,0,0,1,0,0,0,0,0,0,1,1.23,1.23,1.23,1.23,1.23,0.00,0.94,0.94,0.94,0.94,0.94,0.00,1.15,1.15,1.15,1.15,1.15,0.00,1.40,1.40,1.40,1.40,1.40,0.00
508,0,0,0,0,0,0,0,0,0,0,0,0,0,0,0,0,0,0,0,0,0,0,0,0,0,0,1,4.58,4.58,4.58,4.58,4.58,0.00,4.65,4.65,4.65,4.65,4.65,0.00,4.32,4.32,4.32,4.32,4.32,0.00,3.99,3.99,3.99,3.99,3.99,0.00
509,0,0,0,0,0,0,0,0,0,0,0,0,0,0,0,0,0,0,0,0,0,0,0,0,0,0,1,3.41,3.41,3.41,3.41,3.41,0.00,2.79,2.79,2.79,2.79,2.79,0.00,3.43,3.43,3.43,3.43,3.43,0.00,3.95,3.95,3.95,3.95,3.95,0.00
510,0,0,0,0,0,0,0,0,0,0,0,0,0,0,0,0,0,0,0,0,1,0,0,0,0,0,1,3.41,3.41,3.41,3.41,3.41,0.00,2.79,2.79,2.79,2.79,2.79,0.00,3.43,3.43,3.43,3.43,3.43,0.00,3.95,3.95,3.95,3.95,3.95,0.00
511,0,0,0,0,0,0,0,0,1,0,0,0,0,0,0,0,0,0,0,0,1,0,0,0,0,0,1,1.51,1.51,1.51,1.51,1.51,0.00,1.18,1.18,1.18,1.18,1.18,0.00,1.44,1.44,1.44,1.44,1.44,0.00,1.72,1.72,1.72,1.72,1.72,0.00
512,0,0,0,0,0,0,0,0,0,0,0,0,0,1,0,0,0,0,0,0,0,0,0,0,0,0,1,1.23,1.23,1.23,1.23,1.23,0.00,0.94,0.94,0.94,0.94,0.94,0.00,1.15,1.15,1.15,1.15,1.15,0.00,1.40,1.40,1.40,1.40,1.40,0.00
513,0,0,0,0,0,0,0,0,0,0,0,0,0,0,0,0,0,0,0,0,0,0,0,0,0,0,1,1.23,1.23,1.23,1.23,1.23,0.00,0.94,0.94,0.94,0.94,0.94,0.00,1.15,1.15,1.15,1.15,1.15,0.00,1.40,1.40,1.40,1.40,1.40,0.00
527,0,0,0,0,0,0,0,0,0,0,0,0,0,0,0,0,0,0,1,0,0,0,0,0,0,0,1,4.10,4.10,4.10,4.10,4.10,0.00,4.70,4.70,4.70,4.70,4.70,0.00,4.36,4.36,4.36,4.36,4.36,0.00,3.57,3.57,3.57,3.57,3.57,0.00
528,0,0,0,0,0,0,0,0,0,0,0,0,0,0,0,0,0,0,0,0,0,0,0,0,0,0,1,3.62,3.62,3.62,3.62,3.62,0.00,3.41,3.41,3.41,3.41,3.41,0.00,3.73,3.73,3.73,3.73,3.73,0.00,3.86,3.86,3.86,3.86,3.86,0.00
529,0,0,0,0,1,0,0,0,0,0,0,0,0,0,0,0,0,0,0,0,0,0,0,0,0,0,1,2.48,2.48,2.48,2.48,2.48,0.00,2.00,2.00,2.00,2.00,2.00,0.00,2.46,2.46,2.46,2.46,2.46,0.00,2.86,2.86,2.86,2.86,2.86,0.00
530,0,0,0,0,0,0,0,0,0,0,0,0,0,0,0,0,0,0,0,0,0,0,0,0,0,0,1,1.24,1.24,1.24,1.24,1.24,0.00,0.95,0.95,0.95,0.95,0.95,0.00,1.16,1.16,1.16,1.16,1.16,0.00,1.41,1.41,1.41,1.41,1.41,0.00
531,0,0,0,0,0,0,0,0,0,0,0,0,0,0,0,0,0,0,0,0,0,0,0,0,0,0,1,1.19,1.19,1.19,1.19,1.19,0.00,0.91,0.91,0.91,0.91,0.91,0.00,1.11,1.11,1.11,1.11,1.11,0.00,1.34,1.34,1.34,1.34,1.34,0.00
532,0,0,0,0,0,0,0,0,0,0,0,0,0,0,0,0,0,0,0,0,0,0,0,0,0,0,1,1.23,1.23,1.23,1.23,1.23,0.00,0.94,0.94,0.94,0.94,0.94,0.00,1.15,1.15,1.15,1.15,1.15,0.00,1.40,1.40,1.40,1.40,1.40,0.00
548,0,0,0,0,0,0,0,0,0,0,0,0,0,0,0,0,0,0,0,0,0,0,0,0,0,0,1,0.61,0.61,0.61,0.61,0.61,0.00,0.47,0.47,0.47,0.47,0.47,0.00,0.58,0.58,0.58,0.58,0.58,0.00,0.69,0.69,0.69,0.69,0.69,0.00
549,0,0,0,0,0,0,0,0,0,0,0,0,0,0,0,0,0,0,0,0,0,0,0,0,0,0,1,0.16,0.16,0.16,0.16,0.16,0.00,0.12,0.12,0.12,0.12,0.12,0.00,0.15,0.15,0.15,0.15,0.15,0.00,0.18,0.18,0.18,0.18,0.18,0.00
550,0,0,0,0,0,0,0,0,0,0,0,0,0,0,0,0,0,0,0,0,0,0,0,0,0,0,1,0.76,0.76,0.76,0.76,0.76,0.00,0.70,0.70,0.70,0.70,0.70,0.00,0.86,0.86,0.86,0.86,0.86,0.00,1.04,1.04,1.04,1.04,1.04,0.00
551,0,0,0,0,0,0,0,0,0,0,0,0,0,0,0,0,0,0,0,0,0,0,0,0,0,0,1,1.04,1.04,1.04,1.04,1.04,0.00,0.94,0.94,0.94,0.94,0.94,0.00,1.15,1.15,1.15,1.15,1.15,0.00,1.40,1.40,1.40,1.40,1.40,0.00
569,0,0,0,0,0,0,0,0,0,0,0,0,0,0,0,0,0,0,0,0,0,0,0,0,0,0,1,0.69,0.69,0.69,0.69,0.69,0.00,0.67,0.67,0.67,0.67,0.67,0.00,0.82,0.82,0.82,0.82,0.82,0.00,1.00,1.00,1.00,1.00,1.00,0.00
570,0,0,0,0,0,0,0,0,0,0,0,0,0,0,0,0,0,0,0,0,0,0,0,0,0,0,1,0.96,0.96,0.96,0.96,0.96,0.00,0.94,0.94,0.94,0.94,0.94,0.00,1.15,1.15,1.15,1.15,1.15,0.00,1.40,1.40,1.40,1.40,1.40,0.00
588,0,0,0,0,0,0,0,0,0,0,0,0,0,0,0,0,0,0,0,0,0,0,0,0,0,0,1,0.64,0.64,0.64,0.64,0.64,0.00,0.62,0.62,0.62,0.62,0.62,0.00,0.76,0.76,0.76,0.76,0.76,0.00,0.93,0.93,0.93,0.93,0.93,0.00
589,0,0,0,0,0,0,0,0,0,0,0,0,0,0,0,0,0,0,0,0,0,0,0,0,0,0,1,0.96,0.96,0.96,0.96,0.96,0.00,0.94,0.94,0.94,0.94,0.94,0.00,1.15,1.15,1.15,1.15,1.15,0.00,1.40,1.40,1.40,1.40,1.40,0.00
590,0,0,0,0,0,0,0,0,0,0,0,0,0,0,0,0,0,0,0,0,0,0,0,0,0,0,1,0.96,0.96,0.96,0.96,0.96,0.00,0.94,0.94,0.94,0.94,0.94,0.00,1.15,1.15,1.15,1.15,1.15,0.00,1.40,1.40,1.40,1.40,1.40,0.00
608,0,0,0,0,0,0,1,0,0,0,0,0,0,0,0,0,0,0,0,0,0,0,0,0,0,0,1,0.59,0.59,0.59,0.59,0.59,0.00,1.01,1.01,1.01,1.01,1.01,0.00,0.78,0.78,0.78,0.78,0.78,0.00,1.06,1.06,1.06,1.06,1.06,0.00
609,1,0,0,0,0,0,0,0,0,0,0,0,0,0,0,0,1,0,0,0,0,0,0,0,0,0,1,0.96,0.96,0.96,0.96,0.96,0.00,1.68,1.68,1.68,1.68,1.68,0.00,1.28,1.28,1.28,1.28,1.28,0.00,1.75,1.75,1.75,1.75,1.75,0.00
610,0,0,0,0,0,0,0,0,0,0,0,0,0,0,0,0,0,0,0,0,0,0,0,0,0,0,1,0.96,0.96,0.96,0.96,0.96,0.00,1.75,1.75,1.75,1.75,1.75,0.00,1.30,1.30,1.30,1.30,1.30,0.00,1.78,1.78,1.78,1.78,1.78,0.00
626,0,0,0,0,0,0,0,0,0,0,0,0,0,0,0,0,0,0,0,0,0,0,0,0,0,0,1,0.04,0.04,0.04,0.04,0.04,0.00,0.05,0.05,0.05,0.05,0.05,0.00,0.05,0.05,0.05,0.05,0.05,0.00,0.05,0.05,0.05,0.05,0.05,0.00
628,0,0,0,0,0,0,0,0,0,0,0,0,0,0,0,0,0,0,0,0,0,0,0,0,0,0,1,0.53,0.53,0.53,0.53,0.53,0.00,1.04,1.04,1.04,1.04,1.04,0.00,0.73,0.73,0.73,0.73,0.73,0.00,1.02,1.02,1.02,1.02,1.02,0.00
629,1,0,0,0,0,0,0,0,0,0,0,0,0,0,0,0,0,0,0,0,0,0,0,0,0,0,1,0.96,0.96,0.96,0.96,0.96,0.00,1.89,1.89,1.89,1.89,1.89,0.00,1.32,1.32,1.32,1.32,1.32,0.00,1.86,1.86,1.86,1.86,1.86,0.00
630,0,0,0,0,0,0,0,0,0,0,0,0,0,0,0,0,0,0,0,0,0,0,0,0,0,0,1,0.96,0.96,0.96,0.96,0.96,0.00,1.89,1.89,1.89,1.89,1.89,0.00,1.32,1.32,1.32,1.32,1.32,0.00,1.86,1.86,1.86,1.86,1.86,0.00
646,0,0,0,0,0,0,0,0,0,0,0,0,1,0,0,0,0,0,0,0,0,0,0,0,0,0,1,0.62,0.62,0.62,0.62,0.62,0.00,0.67,0.67,0.67,0.67,0.67,0.00,0.70,0.70,0.70,0.70,0.70,0.00,0.70,0.70,0.70,0.70,0.70,0.00
647,0,0,0,0,0,0,0,0,0,0,0,0,0,0,0,0,0,0,0,0,0,0,0,0,0,0,1,0.18,0.18,0.18,0.18,0.18,0.00,0.19,0.19,0.19,0.19,0.19,0.00,0.21,0.21,0.21,0.21,0.21,0.00,0.20,0.20,0.20,0.20,0.20,0.00
648,0,0,0,0,0,0,0,0,0,0,0,0,0,0,0,0,0,0,0,0,0,0,0,0,0,0,1,0.48,0.48,0.48,0.48,0.48,0.00,0.94,0.94,0.94,0.94,0.94,0.00,0.66,0.66,0.66,0.66,0.66,0.00,0.92,0.92,0.92,0.92,0.92,0.00
649,0,0,0,0,0,0,0,0,0,0,0,0,0,0,0,0,0,0,0,0,0,0,1,0,0,0,1,0.96,0.96,0.96,0.96,0.96,0.00,1.79,1.79,1.79,1.79,1.79,0.00,1.32,1.32,1.32,1.32,1.32,0.00,1.86,1.86,1.86,1.86,1.86,0.00
650,0,0,0,0,0,0,0,0,0,0,0,0,0,0,0,0,0,0,0,0,0,0,0,0,0,0,1,0.96,0.96,0.96,0.96,0.96,0.00,1.73,1.73,1.73,1.73,1.73,0.00,1.32,1.32,1.32,1.32,1.32,0.00,1.86,1.86,1.86,1.86,1.86,0.00
665,0,0,0,0,0,0,0,0,0,1,0,0,0,0,0,0,0,0,0,0,0,0,0,0,0,0,1,1.31,1.31,1.31,1.31,1.31,0.00,1.41,1.41,1.41,1.41,1.41,0.00,1.49,1.49,1.49,1.49,1.49,0.00,1.49,1.49,1.49,1.49,1.49,0.00
666,0,0,0,0,0,0,0,0,0,1,1,0,0,0,0,0,0,0,0,0,0,0,0,0,0,0,1,1.32,1.32,1.32,1.32,1.32,0.00,1.39,1.39,1.39,1.39,1.39,0.00,1.52,1.52,1.52,1.52,1.52,0.00,1.45,1.45,1.45,1.45,1.45,0.00
667,0,0,0,0,0,0,0,1,0,0,0,0,0,0,0,0,0,0,1,0,0,0,0,0,0,0,1,1.07,1.07,1.07,1.07,1.07,0.00,1.36,1.36,1.36,1.36,1.36,0.00,1.33,1.33,1.33,1.33,1.33,0.00,1.58,1.58,1.58,1.58,1.58,0.00
668,0,0,0,0,0,0,0,1,0,0,0,0,0,0,0,0,0,0,0,0,0,0,0,0,0,0,1,0.96,0.96,0.96,0.96,0.96,0.00,1.39,1.39,1.39,1.39,1.39,0.00,1.32,1.32,1.32,1.32,1.32,0.00,1.86,1.86,1.86,1.86,1.86,0.00
669,0,0,0,0,0,0,0,0,0,0,0,0,0,0,0,0,0,0,0,0,0,0,0,0,0,0,1,0.96,0.96,0.96,0.96,0.96,0.00,1.39,1.39,1.39,1.39,1.39,0.00,1.32,1.32,1.32,1.32,1.32,0.00,1.86,1.86,1.86,1.86,1.86,0.00
684,0,0,0,0,1,0,0,0,0,0,0,0,0,0,0,0,0,0,0,0,0,0,0,0,0,0,1,1.31,1.31,1.31,1.31,1.31,0.00,1.42,1.42,1.42,1.42,1.42,0.00,1.48,1.48,1.48,1.48,1.48,0.00,1.49,1.49,1.49,1.49,1.49,0.00
685,0,0,0,0,0,0,0,0,0,0,0,0,1,0,0,0,0,0,0,0,0,0,0,0,0,0,1,1.32,1.32,1.32,1.32,1.32,0.00,1.39,1.39,1.39,1.39,1.39,0.00,1.52,1.52,1.52,1.52,1.52,0.00,1.45,1.45,1.45,1.45,1.45,0.00
686,0,0,0,0,0,0,0,0,0,0,0,0,0,0,0,0,0,0,0,0,0,0,0,0,0,0,1,1.18,1.18,1.18,1.18,1.18,0.00,1.39,1.39,1.39,1.39,1.39,0.00,1.44,1.44,1.44,1.44,1.44,0.00,1.62,1.62,1.62,1.62,1.62,0.00
687,0,0,0,0,0,0,0,0,0,0,0,0,0,0,0,0,0,0,0,0,0,0,0,0,0,0,1,0.96,0.96,0.96,0.96,0.96,0.00,1.39,1.39,1.39,1.39,1.39,0.00,1.32,1.32,1.32,1.32,1.32,0.00,1.86,1.86,1.86,1.86,1.86,0.00
688,0,0,0,0,0,0,0,0,0,0,0,0,0,0,0,0,0,0,0,0,0,0,0,0,0,0,1,0.96,0.96,0.96,0.96,0.96,0.00,1.39,1.39,1.39,1.39,1.39,0.00,1.32,1.32,1.32,1.32,1.32,0.00,1.86,1.86,1.86,1.86,1.86,0.00
